Submission ID,Common Name,Scientific Name,Taxonomic Order,Count,State/Province,County,Location ID,Location,Latitude,Longitude,Date,Time,Protocol,Duration (Min),All Obs Reported,Distance Traveled (km),Area Covered (ha),Number of Observers,Breeding Code,Observation Details,Checklist Comments,ML Catalog Numbers
S250262427,Graylag Goose,Anser anser,275,X,NL-ZE,,L47598253,balade mer colocs,51.395977,3.561393,2025-06-14,,eBird - Casual Observation,,0,,,1
S221498260,Graylag Goose,Anser anser,275,X,BE-BRU,,L41811196,parc Josaphat,50.860808,4.3883497,2025-03-29,,eBird - Casual Observation,,0,,,1
S214631635,Canada Goose,Branta canadensis,342,X,BE-BRU,,L40455214,Fovel matin,50.8435669,4.341136,2025-02-21,,eBird - Casual Observation,,0,,,1
S234732140,Mute Swan,Cygnus olor,377,X,BE-VLG,West-Vlaanderen,L44415295,Bruges excursion,51.2115135,3.2206216,2025-05-08,,eBird - Casual Observation,,0,,,1
S221496159,Egyptian Goose,Alopochen aegyptiaca,417,X,BE-BRU,,L41811196,parc Josaphat,50.860808,4.3883497,2025-03-29,,eBird - Casual Observation,,0,,,1
S326898767,Common Shelduck,Tadorna tadorna,426,X,ES-AN,Cádiz,L63836887,longue vue blanc tête foncée loin,36.6134713,-6.0505308,2026-04-25,,eBird - Casual Observation,,0,,,1
S338719827,Mandarin Duck,Aix galericulata,457,X,BE-VLG,Vlaams Brabant,L66161380,avec Hannah étang rouge cloitre,50.8130531,4.4453659,2026-05-14,,eBird - Casual Observation,,0,,,1
S271693446,Northern Shoveler,Spatula clypeata,501,X,BE-WAL,Hainaut,L52482828,"levé de soleil avec H, gros bec",50.4627124,3.6932697,2025-09-06,,eBird - Casual Observation,,0,,,1
S267665457,Gadwall,Mareca strepera,505,X,FR-GES,Marne,L51613921,avec Vince,48.5687752,4.7031631,2025-08-16,,eBird - Casual Observation,,0,,,1
S216618057,Mallard,Anas platyrhynchos,545,X,BE-BRU,,L40849796,étang Ixelles,50.8229563,4.3730288,2025-03-04,,eBird - Casual Observation,,0,,,1
S266162094,Green-winged Teal,Anas crecca,612,X,FR-PAC,Bouches-du-Rhône,L51277277,matin bivouac,43.4232489,5.1982391,2025-08-09,,eBird - Casual Observation,,0,,,1
S326924991,Marbled Duck,Marmaronetta angustirostris,657,X,ES-AN,Cádiz,L63842607,gris tâche noir sur l'oeil longue vue marais,36.6134307,-6.0515249,2026-04-25,,eBird - Casual Observation,,0,,,1
S326870134,Red-crested Pochard,Netta rufina,660,X,ES-AN,Cádiz,L63829325,longue vue tête rousse,36.6446354,-6.234013,2026-04-25,,eBird - Casual Observation,,0,,,1
S271696958,Common Pochard,Aythya ferina,670,X,BE-WAL,Hainaut,L52483472,"matin avec H, bien vu les couleurs",50.4650663,3.6898027,2025-09-06,,eBird - Casual Observation,,0,,,1
S271724805,Tufted Duck,Aythya fuligula,687,X,BE-WAL,Hainaut,L52489527,"Hensies, Région wallonne, BE",50.4615445,3.6784245,2025-09-06,,eBird - Casual Observation,,0,,,1
S250713590,King Eider,Somateria spectabilis,713,X,NL-ZE,,L47598253,balade mer colocs,51.395977,3.561393,2025-06-15,,eBird - Casual Observation,,0,,,1
S326937228,White-headed Duck,Oxyura leucocephala,783,X,ES-AN,Cádiz,L63844982,tête blanche longue vue plumes arrière,36.6134869,-6.0497,2026-04-25,,eBird - Casual Observation,,0,,,1
S250712367,Ring-necked Pheasant,Phasianus colchicus,1477,X,NL-ZE,,L47701574,zeeland Mathilde colocs,51.3957024,3.5549517,2025-06-15,,eBird - Casual Observation,,0,,,1
S327959425,Common Quail,Coturnix coturnix,1738,X,ES-AN,Sevilla,L64053323,huit huit huit,37.1876411,-6.2495184,2026-04-26,,eBird - Casual Observation,,0,,,1
S326613187,Red-legged Partridge,Alectoris rufa,1761,X,ES-AN,Cádiz,L63773850,a la recherche du martinet cafre,36.1154633,-5.7651038,2026-04-24,,eBird - Casual Observation,,0,,,1
S271942170,Rock Pigeon,Columba livia,1853,X,FR-HDF,Nord,L52537225,bivouac avec H,50.4646486,3.6089592,2025-09-07,,eBird - Casual Observation,,0,,,1
S213989518,Common Wood-Pigeon,Columba palumbus,1885,X,BE-BRU,,L40340087,ULB,50.8134724,4.3811684,2025-02-17,,eBird - Casual Observation,,0,,,1
S265342896,European Turtle-Dove,Streptopelia turtur,2015,X,HR-15,,L51087132,Membrain 2025,43.7304688,15.8772545,2025-08-06,,eBird - Casual Observation,,0,,,1
S225998570,Eurasian Collared-Dove,Streptopelia decaocto,2031,X,BE-BRU,,L40455214,Fovel matin,50.8435669,4.341136,2025-04-16,,eBird - Casual Observation,,0,,,1
S324165301,Laughing Dove,Spilopelia senegalensis,2071,X,MA-13,,L63293945,oasis,31.0754265,-6.5721148,2026-04-19,,eBird - Casual Observation,,0,,,1
S327726267,Great Bustard,Otis tarda,2910,X,ES-AN,Sevilla,L64008238,après 4h30 de recherche Gilles en PLS,37.3303337,-5.1677999,2026-04-26,,eBird - Casual Observation,,0,,,1
S327730531,Little Bustard,Tetrax tetrax,2966,X,ES-AN,Sevilla,L64008238,après 4h30 de recherche Gilles en PLS,37.3303337,-5.1677999,2026-04-26,,eBird - Casual Observation,,0,,,1
S323351593,Common Cuckoo,Cuculus canorus,3442,X,MA-11,,L63121438,pendant présentation,31.4884281,-7.4437232,2026-04-18,,eBird - Casual Observation,,0,,,1
S328071679,Red-necked Nightjar,Caprimulgus ruficollis,3628,X,ES-AN,Sevilla,L64076756,très clair à l'ouïe + merlin,37.2458687,-6.264142,2026-04-26,,eBird - Casual Observation,,0,,,1
S235435011,Common Swift,Apus apus,4094,X,BE-WAL,Namur,L44532228,excursion Belgique,50.090786,4.6816444,2025-05-10,,eBird - Casual Observation,,0,,,1
S322335184,Pallid Swift,Apus pallidus,4102,X,MA-11,,L62926001,Merlin Pablo et Gilles disent qu'il y a aussi le martinet unicolore,31.6247851,-7.9884851,2026-04-16,,eBird - Casual Observation,,0,,,1
S322327505,Little Swift,Apus affinis,4136,X,MA-11,,L62922666,Pablo et Gilles et pas Merlin,31.6248093,-7.9885898,2026-04-16,,eBird - Casual Observation,,0,,,1
S271632633,Water Rail,Rallus aquaticus,5308,X,BE-WAL,Hainaut,L52469401,marais d'Harchies we love bien entendu tous les 2,50.4628998,3.6928495,2025-09-05,,eBird - Casual Observation,,0,,,1
S221491862,Eurasian Moorhen,Gallinula chloropus,5462,X,BE-BRU,,L40455214,Fovel matin,50.8435669,4.341136,2025-03-29,,eBird - Casual Observation,,0,,,1
S216617617,Eurasian Coot,Fulica atra,5487,X,BE-BRU,,L40849713,étang Ixelles retour ULB,50.8190422,4.3748841,2025-03-04,,eBird - Casual Observation,,0,,,1
S267658548,Common Crane,Grus grus,5718,X,FR-GES,Marne,L51611942,avec Vince,48.5693817,4.704206,2025-08-16,,eBird - Casual Observation,,0,,,1
S327539312,Eurasian Thick-knee,Burhinus oedicnemus,5751,X,ES-AN,Sevilla,L63970004,bien entendu à côté du puit,37.3275852,-5.210304,2026-04-26,,eBird - Casual Observation,,0,,,1
S265992352,Black-winged Stilt,Himantopus himantopus,5763,X,FR-PAC,Bouches-du-Rhône,L51236257,a côté des flamant roses gueule,43.419693,5.1747942,2025-08-09,,eBird - Casual Observation,,0,,,1
S250266524,Pied Avocet,Recurvirostra avosetta,5777,X,NL-ZE,,L47598253,balade mer colocs,51.395977,3.561393,2025-06-14,,eBird - Casual Observation,,0,,,1
S250267258,Eurasian Oystercatcher,Haematopus ostralegus,5786,X,NL-ZE,,L47598253,balade mer colocs,51.395977,3.561393,2025-06-14,,eBird - Casual Observation,,0,,,1
S269125815,Common Ringed Plover,Charadrius hiaticula,5831,X,FR-HDF,Pas-de-Calais,L51944994,"+ gros, pattes orange",50.8052686,1.6046061,2025-08-24,,eBird - Casual Observation,,0,,,1
S265977198,Little Ringed Plover,Thinornis dubius,5848,X,FR-PAC,Bouches-du-Rhône,L51232902,crie comme un ouf,43.4233147,5.1985717,2025-08-09,,eBird - Casual Observation,,0,,,1
S267745851,Northern Lapwing,Vanellus vanellus,5856,X,FR-GES,Marne,L51633726,avec Vince écoute,48.5696855,4.6931436,2025-08-17,,eBird - Casual Observation,,0,,,1
S328532959,Eurasian Whimbrel,Numenius phaeopus,6012,X,ES-AN,Sevilla,L64164606,"Aznalcázar, Andalucía, ES",37.0712711,-6.3171657,2026-04-27,,eBird - Casual Observation,,0,,,1
S250711934,Eurasian Curlew,Numenius arquata,6026,X,NL-ZE,,L47701574,zeeland Mathilde colocs,51.3957024,3.5549517,2025-06-15,,eBird - Casual Observation,,0,,,1
S271713187,Common Snipe,Gallinago gallinago,6099,X,BE-WAL,Hainaut,L52486473,"avec guide, H, longue vue",50.463831,3.6821221,2025-09-06,,eBird - Casual Observation,,0,,,1
S265889729,Common Sandpiper,Actitis hypoleucos,6125,X,FR-PAC,Bouches-du-Rhône,L51211338,pique nique après départ Hannah :'-(,43.4227333,5.1981859,2025-08-08,,eBird - Casual Observation,,0,,,1
S267740228,Green Sandpiper,Tringa ochropus,6128,X,FR-GES,Marne,L51617124,avec Vince,48.5698967,4.6899023,2025-08-17,,eBird - Casual Observation,,0,,,1
S265976936,Wood Sandpiper,Tringa glareola,6137,X,FR-PAC,Bouches-du-Rhône,L51232855,"me fonce dessus puis virage, 2e fois dans merlin",43.4237245,5.1984221,2025-08-09,,eBird - Casual Observation,,0,,,1
S265967327,Common Greenshank,Tringa nebularia,6152,X,FR-PAC,Bouches-du-Rhône,L51230920,réveil lendemain départ Hannah,43.422532,5.1984614,2025-08-09,,eBird - Casual Observation,,0,,,1
S213788340,Ruddy Turnstone,Arenaria interpres,6161,X,BE-VLG,West-Vlaanderen,L40306563,Ostende,51.2350273,2.920012,2025-02-16,,eBird - Casual Observation,,0,,,1
S327359064,Collared Pratincole,Glareola pratincola,6347,X,ES-AN,Cádiz,L63932392,ressemble à une sterne,36.6134412,-6.0499953,2026-04-25,,eBird - Casual Observation,,0,,,1
S269387684,Black-legged Kittiwake,Rissa tridactyla,6449,X,FR-HDF,Pas-de-Calais,L52002712,"repéré la veille, shazamé le matin",50.8060282,1.6037742,2025-08-25,,eBird - Casual Observation,,0,,,1
S250275119,Black-headed Gull,Chroicocephalus ridibundus,6474,X,NL-ZE,,L47598253,balade mer colocs,51.395977,3.561393,2025-06-14,,eBird - Casual Observation,,0,,,1
S326503734,Audouin's Gull,Ichthyaetus audouinii,6500,X,ES-AN,Cádiz,L63753391,"1er arrêt Gilles ""il n'y a rien à voir ici"" points sur la queue",36.0761758,-5.4275961,2026-04-24,,eBird - Casual Observation,,0,,,1
S234858133,European Herring Gull,Larus argentatus,6545,X,BE-VLG,West-Vlaanderen,L44437831,excursion Belgique,51.3056107,3.1044679,2025-05-09,,eBird - Casual Observation,,0,,,1
S206408775,Yellow-legged Gull,Larus michahellis,6552,X,ES-AS,,L38818119,camino san pedro,43.4246281,-4.7586305,2024-12-24,,eBird - Casual Observation,,0,,,1
S327522130,Gull-billed Tern,Gelochelidon nilotica,6710,X,ES-AN,Sevilla,L63966520,milieu des champs bec,37.3447227,-5.2145982,2026-04-26,,eBird - Casual Observation,,0,,,1
S328553199,Caspian Tern,Hydroprogne caspia,6718,X,ES-AN,Sevilla,L64168657,"bec bien rouge, jamais fini",37.0772514,-6.3842163,2026-04-27,,eBird - Casual Observation,,0,,,1
S267746526,Whiskered Tern,Chlidonias hybrida,6720,X,FR-GES,Marne,L51633847,avec Vince matin,48.5706297,4.6885865,2025-08-17,,eBird - Casual Observation,,0,,,1
S250274954,Common Tern,Sterna hirundo,6748,X,NL-ZE,,L47598253,balade mer colocs,51.395977,3.561393,2025-06-14,,eBird - Casual Observation,,0,,,1
S250265739,Sandwich Tern,Thalasseus sandvicensis,6775,X,NL-ZE,,L47598253,balade mer colocs,51.395977,3.561393,2025-06-14,,eBird - Casual Observation,,0,,,1
S265992435,Greater Flamingo,Phoenicopterus roseus,6811,X,FR-PAC,Bouches-du-Rhône,L51236276,ils ont perdu un truc dans l'eau je crois,43.4188166,5.1752402,2025-08-09,,eBird - Casual Observation,,0,,,1
S265842436,Little Grebe,Tachybaptus ruficollis,6827,X,FR-PAC,Bouches-du-Rhône,L51199334,bassin Aix après avoir déposé Hannah,43.4623184,5.3381929,2025-08-08,,eBird - Casual Observation,,0,,,1
S271693345,Little Grebe,Tachybaptus ruficollis,6827,X,BE-WAL,Hainaut,L52482811,Levé du soleil avec H toute petite bien obs.,50.462855,3.6931416,2025-09-06,,eBird - Casual Observation,,0,,,1
S271696464,Little Grebe,Tachybaptus ruficollis,6827,X,BE-WAL,Hainaut,L52482811,Levé du soleil avec H toute petite bien obs.,50.462855,3.6931416,2025-09-06,,eBird - Casual Observation,,0,,,1
S265577129,Great Crested Grebe,Podiceps cristatus,6872,X,IT-34,,L51142022,post membrain avec Hannah,45.542984,10.7223816,2025-08-07,,eBird - Casual Observation,,0,,,1
S326868307,Eared Grebe,Podiceps nigricollis,6876,X,ES-AN,Cádiz,L63828868,"Observatoire loin, longue vue pablo",36.6445523,-6.2332556,2026-04-25,,eBird - Casual Observation,,0,,,1
S326350420,Scopoli's Shearwater,Calonectris diomedea,7201,X,ES-AN,Cádiz,L63727594,bateau Tanger Aljesiras rase l'eau,36.0818844,-5.3962022,2026-04-24,,eBird - Casual Observation,,0,,,1
S327997057,Black Stork,Ciconia nigra,7283,X,ES-AN,Sevilla,L64061256,"Aznalcázar, Andalucía, ES",37.1937296,-6.2664518,2026-04-26,,eBird - Casual Observation,,0,,,1
S322353047,White Stork,Ciconia ciconia,7291,X,MA-11,,L62929701,"Marrakech, Marrakech-Safi, MA",31.6189679,-7.9853462,2026-04-16,,eBird - Casual Observation,,0,,,1
S222294892,Great Cormorant,Phalacrocorax carbo,7397,X,BE-BRU,,L41969953,étang Ixelles,50.8211509,4.376119,2025-04-01,,eBird - Casual Observation,,0,,,1
S326502251,European Shag,Gulosus aristotelis,7418,X,ES-AN,Cádiz,L63753087,1er arrêt Tic et Tac rase l'eau petit noir,36.0762655,-5.4274107,2026-04-24,,eBird - Casual Observation,,0,,,1
S326860310,Glossy Ibis,Plegadis falcinellus,7467,X,ES-AN,Cádiz,L63826949,"Aldea Rural Pago Barranco, Andalucía, ES",36.6378804,-6.2292462,2026-04-25,,eBird - Casual Observation,,0,,,1
S272118184,Eurasian Spoonbill,Platalea leucorodia,7524,X,BE-WAL,Hainaut,L52574371,Marais d'Harchies avec Daniel Debacker longue vue,50.4636061,3.6817808,2025-09-08,,eBird - Casual Observation,,0,,,1
S265967435,Eurasian Bittern,Botaurus stellaris,7556,X,FR-PAC,Bouches-du-Rhône,L51230951,réveil lendemain départ de Hannah,43.4230397,5.1977439,2025-08-09,,eBird - Casual Observation,,0,,,1
S265889686,Black-crowned Night Heron,Nycticorax nycticorax,7600,X,FR-PAC,Bouches-du-Rhône,L51211338,pique nique après départ Hannah :'-(,43.4227333,5.1981859,2025-08-08,,eBird - Casual Observation,,0,,,1
S265453586,Little Egret,Egretta garzetta,7650,X,IT-36,,L51111718,sur la route post outlet,45.822464,13.0444183,2025-08-06,,eBird - Casual Observation,,0,,,1
S328543214,Squacco Heron,Ardeola ralloides,7714,X,ES-AN,Sevilla,L64166659,bouquet final,37.2008438,-6.2537403,2026-04-27,,eBird - Casual Observation,,0,,,1
S272118383,Western Cattle-Egret,Ardea ibis,7724,X,BE-WAL,Hainaut,L52574414,"fin weekend avec H, jaune, petit patte noir",50.4604154,3.6778722,2025-09-08,,eBird - Casual Observation,,0,,,1
S267659751,Great Egret,Ardea alba,7729,X,FR-GES,Marne,L51611942,avec Vince,48.5693817,4.704206,2025-08-16,,eBird - Casual Observation,,0,,,1
S214959177,Gray Heron,Ardea cinerea,7745,X,DE-NW,Städteregion Aachen,L40525140,hôtel matin déjeuner,50.5611992,6.2348213,2025-02-23,,eBird - Casual Observation,,0,,,1
S265955645,Purple Heron,Ardea purpurea,7766,X,FR-PAC,Bouches-du-Rhône,L51227968,pleine nuit juste à côté plusieurs aller retour gueule voix cassée,43.4226532,5.1977258,2025-08-09,,eBird - Casual Observation,,0,,,1
S271920499,Osprey,Pandion haliaetus,7832,X,FR-HDF,Nord,L52532970,"matin avec H voiture, lever soleil, pêche 2 fois depuis arbre en piqué",50.4648056,3.6096394,2025-09-07,,eBird - Casual Observation,,0,,,1
S327552896,Black-winged Kite,Elanus caeruleus,7846,X,ES-AN,Sevilla,L63973015,"loin, gpm ont vu proche",37.3286662,-5.2104039,2026-04-26,,eBird - Casual Observation,,0,,,1
S326501469,European Honey-buzzard,Pernis apivorus,7905,X,ES-AN,Cádiz,L63752943,stop voiture Gilles roi des bondrée,36.0538398,-5.5503068,2026-04-24,,eBird - Casual Observation,,0,,,1
S326603691,Eurasian Griffon,Gyps fulvus,7947,X,ES-AN,Cádiz,L63773850,a la recherche du martinet cafre,36.1154633,-5.7651038,2026-04-24,,eBird - Casual Observation,,0,,,1
S328501535,Short-toed Snake-Eagle,Circaetus gallicus,7993,X,ES-AN,Sevilla,L64158445,blanc voiture golden goal,37.1765175,-6.254261,2026-04-27,,eBird - Casual Observation,,0,,,1
S322390567,Booted Eagle,Hieraaetus pennatus,8047,X,MA-11,,L62935209,"Pablo disait une buse féroce mais pas là, pas Milan",31.6323795,-7.9826179,2026-04-16,,eBird - Casual Observation,,0,,,1
S266227224,Eurasian Sparrowhawk,Accipiter nisus,8245,X,FR-OCC,Aveyron,L51292845,"Golinhac, Occitanie, FR",44.6232861,2.5800228,2025-08-10,,eBird - Casual Observation,,0,,,1
S267677333,Western Marsh Harrier,Circus aeruginosus,8306,X,FR-GES,Marne,L51617124,avec Vince,48.5698967,4.6899023,2025-08-16,,eBird - Casual Observation,,0,,,1
S265839210,Black Kite,Milvus migrans,8345,X,FR-PAC,Bouches-du-Rhône,L51198658,après avoir déposé Hannah,43.4602356,5.3313284,2025-08-08,,eBird - Casual Observation,,0,,,1
S212031470,Common Buzzard,Buteo buteo,8543,X,BE-WAL,Luxembourg,L39897650,Ronzon,50.2357216,5.5091076,2025-02-05,,eBird - Casual Observation,,0,,,1
S265505712,Eurasian Scops-Owl,Otus scops,8747,X,IT-34,,L51125435,park4night avec Hannah,45.4346313,10.7923441,2025-08-07,,eBird - Casual Observation,,0,,,1
S271920626,Little Owl,Athene noctua,9107,X,FR-HDF,Nord,L52532989,"deux soirs, we harchies, cris",50.4655002,3.6098956,2025-09-07,,eBird - Casual Observation,,0,,,1
S256679695,Tawny Owl,Strix aluco,9199,X,BE-WAL,Luxembourg,L49041109,le soir avec Hannah,50.2278481,5.5165606,2025-07-04,,eBird - Casual Observation,,0,,,1
S327527435,Common Hoopoe,Upupa epops,9604,X,ES-AN,Sevilla,L63967585,tutututu,37.3406328,-5.2102587,2026-04-26,,eBird - Casual Observation,,0,,,1
S323981508,Blue-cheeked Bee-eater,Merops persicus,9820,X,MA-13,,L63255852,lac projet immobilier abandonné,30.9705868,-6.7346854,2026-04-19,,eBird - Casual Observation,,0,,,1
S324202834,European Bee-eater,Merops apiaster,9829,X,MA-13,,L63302764,oasis bien vu fil magnifique !,31.0725021,-6.5753784,2026-04-19,,eBird - Casual Observation,,0,,,1
S265966195,Common Kingfisher,Alcedo atthis,9912,X,FR-PAC,Bouches-du-Rhône,L51230626,"réveil bord étang tit vol au proche de l'eau, couleurs",43.422532,5.1984614,2025-08-09,,eBird - Casual Observation,,0,,,1
S327581808,European Roller,Coracias garrulus,10328,X,ES-AN,Sevilla,L63980272,"vol suivi en voiture, bien bleu",37.3179893,-5.2142973,2026-04-26,,eBird - Casual Observation,,0,,,1
S266510184,Middle Spotted Woodpecker,Dendrocoptes medius,11266,X,FR-OCC,Aveyron,L51355907,matin camping zapa,44.6155357,2.5811396,2025-08-11,,eBird - Casual Observation,,0,,,1
S212031446,Great Spotted Woodpecker,Dendrocopos major,11349,X,BE-WAL,Luxembourg,L39897650,Ronzon,50.2357216,5.5091076,2025-02-05,,eBird - Casual Observation,,0,,,1
S214774147,Eurasian Green Woodpecker,Picus viridis,11673,X,DE-NW,Städteregion Aachen,L40485121,montjoie,50.5609283,6.2349339,2025-02-22,,eBird - Casual Observation,,0,,,1
S215031026,Black Woodpecker,Dryocopus martius,11784,X,BE-WAL,Liège,L40540324,balade hautes fagnes hyper clair,50.6365471,6.138865,2025-02-23,,eBird - Casual Observation,,0,,,1
S271722365,Eurasian Kestrel,Falco tinnunculus,11993,X,FR-HDF,Pas-de-Calais,L52488888,vol stationnaire Ambleteuse+ vu avec Jonas,50.8059633,1.6054614,2025-09-06,,eBird - Casual Observation,,0,,,1
S216830368,Peregrine Falcon,Falco peregrinus,12114,X,BE-BRU,,L40340087,ULB,50.8134724,4.3811684,2025-03-06,,eBird - Casual Observation,,0,,,1
S216614273,Rose-ringed Parakeet,Psittacula krameri,12350,X,BE-BRU,,L40455214,Fovel matin,50.8435669,4.341136,2025-03-04,,eBird - Casual Observation,,0,,,1
S322973151,Great Gray Shrike,Lanius excubitor,21112,X,MA-11,,L63042627,palmeraie,31.6658382,-7.9808764,2026-04-17,,eBird - Casual Observation,,0,,,1
S323576827,Woodchat Shrike,Lanius senator,21161,X,MA-13,,L63164681,excursion source,31.2710438,-7.4166007,2026-04-18,,eBird - Casual Observation,,0,,,1
S211918775,Eurasian Jay,Garrulus glandarius,21339,X,BE-WAL,Luxembourg,L39897650,Ronzon,50.2357216,5.5091076,2025-02-04,,eBird - Casual Observation,,0,,,1
S328026091,Iberian Magpie,Cyanopica cooki,21390,X,ES-AN,Sevilla,L64067291,"depuis la voiture, la queue bleue trop belle",37.2474478,-6.2632393,2026-04-26,,eBird - Casual Observation,,0,,,1
S328036374,Iberian Magpie,Cyanopica cooki,21390,X,ES-AN,Sevilla,L64067291,"depuis la voiture, la queue bleue trop belle",37.2474478,-6.2632393,2026-04-26,,eBird - Casual Observation,,0,,,1
S211616368,Eurasian Magpie,Pica pica,21467,X,BE-WAL,Luxembourg,L39897650,Ronzon,50.2357216,5.5091076,2025-02-02,,eBird - Casual Observation,,0,,,1
S327262748,Red-billed Chough,Pyrrhocorax pyrrhocorax,21498,X,ES-AN,Cádiz,L63910589,"bec bien rouge, + grand que merle quasi corbeau",36.7571863,-5.3605865,2026-04-25,,eBird - Casual Observation,,0,,,1
S250149394,Eurasian Jackdaw,Coloeus monedula,21514,X,NL-ZE,,L47571167,chez Mathilde à la mer,51.3801575,3.5086007,2025-06-14,,eBird - Casual Observation,,0,,,1
S206407273,Carrion Crow,Corvus corone,21575,X,ES-AS,,L38817822,camino san pedro,43.4275367,-4.766958,2024-12-24,,eBird - Casual Observation,,0,,,1
S265360611,Hooded Crow,Corvus cornix,21578,X,HR-15,,L51091142,arrivée Membrain,43.7391663,15.8676872,2025-08-06,,eBird - Casual Observation,,0,,,1
S215013368,Common Raven,Corvus corax,21624,X,BE-WAL,Liège,L40536034,hautes fagnes,50.6384277,6.1332998,2025-02-23,,eBird - Casual Observation,,0,,,1
S215013408,Common Raven,Corvus corax,21624,X,BE-WAL,Liège,L40536034,hautes fagnes,50.6384277,6.1332998,2025-02-23,,eBird - Casual Observation,,0,,,1
S214782545,Coal Tit,Periparus ater,21950,X,DE-NW,Städteregion Aachen,L40487068,balade avant thermes Allemagne,50.6632996,6.2048759,2025-02-22,,eBird - Casual Observation,,0,,,1
S214873159,Coal Tit,Periparus ater,21950,X,DE-NW,Städteregion Aachen,L40505856,thermes,50.6450577,6.1990471,2025-02-22,,eBird - Casual Observation,,0,,,1
S214783415,Crested Tit,Lophophanes cristatus,21996,X,DE-NW,Städteregion Aachen,L40487068,balade avant thermes Allemagne,50.6632996,6.2048759,2025-02-22,,eBird - Casual Observation,,0,,,1
S211458579,Marsh Tit,Poecile palustris,22030,X,BE-WAL,Luxembourg,L39864812,Ronzon,50.2249374,5.5210991,2025-02-01,,eBird - Casual Observation,,0,,,1
S214961230,Willow Tit,Poecile montanus,22041,X,DE-NW,Städteregion Aachen,L40525140,hôtel matin déjeuner,50.5611992,6.2348213,2025-02-23,,eBird - Casual Observation,,0,,,1
S211458316,Eurasian Blue Tit,Cyanistes caeruleus,22114,X,BE-WAL,Luxembourg,L39864812,Ronzon,50.2249374,5.5210991,2025-02-01,,eBird - Casual Observation,,0,,,1
S206725707,Eurasian Blue Tit,Cyanistes caeruleus,22114,X,ES-AS,,L38892698,bufones de pria,43.4535637,-4.9700494,2024-12-27,,eBird - Casual Observation,,0,,,1
S211458340,Great Tit,Parus major,22175,X,BE-WAL,Luxembourg,L39864812,Ronzon,50.2249374,5.5210991,2025-02-01,,eBird - Casual Observation,,0,,,1
S327263203,Wood Lark,Lullula arborea,22590,X,ES-AN,Cádiz,L63910699,lulululu,36.7577458,-5.3602308,2026-04-25,,eBird - Casual Observation,,0,,,1
S250261220,Eurasian Skylark,Alauda arvensis,22615,X,NL-ZE,,L47598253,balade mer colocs,51.395977,3.561393,2025-06-14,,eBird - Casual Observation,,0,,,1
S327537356,Thekla's Lark,Galerida theklae,22653,X,ES-AN,Sevilla,L63969581,vu et entendu 1/10 huppé,37.3282698,-5.2100324,2026-04-26,,eBird - Casual Observation,,0,,,1
S326563937,Crested Lark,Galerida cristata,22666,X,ES-AN,Cádiz,L63765641,dunes sur bois mort huppe + son,36.0660439,-5.6765289,2026-04-24,,eBird - Casual Observation,,0,,,1
S327527278,Greater Short-toed Lark,Calandrella brachydactyla,22767,X,ES-AN,Sevilla,L63967558,vu sur le bord de la route puis chemin tririri,37.3402519,-5.2117181,2026-04-26,,eBird - Casual Observation,,0,,,1
S327543590,Calandra Lark,Melanocorypha calandra,22796,X,ES-AN,Sevilla,L63970928,"foncée, bande blanche, entendu",37.3350202,-5.2110426,2026-04-26,,eBird - Casual Observation,,0,,,1
S265993148,Zitting Cisticola,Cisticola juncidis,23528,X,FR-PAC,Bouches-du-Rhône,L51236467,a côté des flamants juste entendu,43.4190141,5.1753354,2025-08-09,,eBird - Casual Observation,,0,,,1
S324150790,Eastern Olivaceous Warbler,Iduna pallida,23634,X,MA-13,,L63291013,oasis,31.0758664,-6.5720042,2026-04-19,,eBird - Casual Observation,,0,,,1
S265985277,Common Reed Warbler,Acrocephalus scirpaceus,23676,X,FR-PAC,Bouches-du-Rhône,L51234491,plusieurs fois dans merlin mais difficile à distinguer,43.4236083,5.1979839,2025-08-09,,eBird - Casual Observation,,0,,,1
S326947950,Great Reed Warbler,Acrocephalus arundinaceus,23708,X,ES-AN,Cádiz,L63846926,"chemin bien entendu plusieurs fois, Gilles vu sourcils",36.6129266,-6.0542664,2026-04-25,,eBird - Casual Observation,,0,,,1
S328303147,Savi's Warbler,Locustella luscinioides,23801,X,ES-AN,Huelva,L64122622,"El Rocío, Andalucía, ES",37.1304994,-6.4864825,2026-04-27,,eBird - Casual Observation,,0,,,1
S265975168,Bank Swallow,Riparia riparia,24051,X,FR-PAC,Bouches-du-Rhône,L51230920,réveil lendemain départ Hannah,43.422532,5.1984614,2025-08-09,,eBird - Casual Observation,,0,,,1
S327215276,Eurasian Crag-Martin,Ptyonoprogne rupestris,24142,X,ES-AN,Cádiz,L63899875,arrêt voiture devant falaise brune yeux sur la queue,36.7572136,-5.3610487,2026-04-25,,eBird - Casual Observation,,0,,,1
S231874865,Barn Swallow,Hirundo rustica,24187,X,BE-WAL,Luxembourg,L43888972,Ronzon avec <3,50.2357368,5.5087194,2025-05-02,,eBird - Casual Observation,,0,,,1
S235364165,Western House-Martin,Delichon urbicum,24214,X,BE-WAL,Namur,L44532228,excursion Belgique,50.090786,4.6816444,2025-05-10,,eBird - Casual Observation,,0,,,1
S326862520,European Red-rumped Swallow,Cecropis rufula,24230,X,ES-AN,Cádiz,L63827484,rouge arrière blanc étang Maelys Pablo Gilles,36.6419818,-6.2307927,2026-04-25,,eBird - Casual Observation,,0,,,1
S322321556,Common Bulbul,Pycnonotus barbatus,24720,X,MA-11,,L62922666,Pablo et Gilles et pas Merlin,31.6248093,-7.9885898,2026-04-16,,eBird - Casual Observation,,0,,,1
S327162673,Western Bonelli's Warbler,Phylloscopus bonelli,24793,X,ES-AN,Cádiz,L63888334,vu dans l'arbre,36.7497559,-5.3950396,2026-04-25,,eBird - Casual Observation,,0,,,1
S267736204,Willow Warbler,Phylloscopus trochilus,24843,X,FR-GES,Marne,L51631984,avec Vince le matin,48.5690233,4.7043046,2025-08-17,,eBird - Casual Observation,,0,,,1
S211458419,Common Chiffchaff,Phylloscopus collybita,24853,X,BE-WAL,Luxembourg,L39864812,Ronzon,50.2249374,5.5210991,2025-02-01,,eBird - Casual Observation,,0,,,1
S206867058,Common Chiffchaff,Phylloscopus collybita,24853,X,ES-AS,,L38925623,chemin rio,43.4153404,-4.7558227,2024-12-28,,eBird - Casual Observation,,0,,,1
S326504164,Iberian Chiffchaff,Phylloscopus ibericus,24864,X,ES-AN,Cádiz,L63753474,1er arrêt fourré jaune,36.0762105,-5.427461,2026-04-24,,eBird - Casual Observation,,0,,,1
S234550529,Cetti's Warbler,Cettia cetti,25107,X,BE-VLG,Oost-Vlaanderen,L44381605,excursion Belgique,51.1630135,4.3141904,2025-05-08,,eBird - Casual Observation,,0,,,1
S211460112,Long-tailed Tit,Aegithalos caudatus,25209,X,BE-WAL,Luxembourg,L39865239,Ronzon,50.2249374,5.5210991,2025-02-01,,eBird - Casual Observation,,0,,,1
S227312064,Eurasian Blackcap,Sylvia atricapilla,25267,X,BE-BRU,,L43008906,friche Josaphat,50.862812,4.3950305,2025-04-20,,eBird - Casual Observation,,0,,,1
S235325754,Garden Warbler,Sylvia borin,25273,X,BE-WAL,Hainaut,L44523846,teril excursion,50.4188499,4.4336834,2025-05-10,,eBird - Casual Observation,,0,,,1
S326502946,Sardinian Warbler,Curruca melanocephala,25351,X,ES-AN,Cádiz,L63753231,"1er arrêt dans les fourrés, reflex",36.0762311,-5.4275529,2026-04-24,,eBird - Casual Observation,,0,,,1
S227335830,Greater Whitethroat,Curruca communis,25364,X,BE-BRU,,L43013527,friche Josaphat,50.864109,4.3955646,2025-04-20,,eBird - Casual Observation,,0,,,1
S211458956,Goldcrest,Regulus regulus,26856,X,BE-WAL,Luxembourg,L39864812,Ronzon,50.2249374,5.5210991,2025-02-01,,eBird - Casual Observation,,0,,,1
S266225626,Common Firecrest,Regulus ignicapilla,26875,X,FR-OCC,Gard,L51292521,première nuit camping potes frisbee,43.5809021,4.2578001,2025-08-10,,eBird - Casual Observation,,0,,,1
S212044631,Eurasian Nuthatch,Sitta europaea,26966,X,BE-WAL,Luxembourg,L39984816,Ronzon,50.2277145,5.5201193,2025-02-05,,eBird - Casual Observation,,0,,,1
S320506787,Eurasian Treecreeper,Certhia familiaris,27010,X,BE-WAL,Luxembourg,L62579034,balade Chiny,49.7378502,5.3245406,2026-04-12,,eBird - Casual Observation,,0,,,1
S211458277,Short-toed Treecreeper,Certhia brachydactyla,27044,X,BE-WAL,Luxembourg,L39864812,Ronzon,50.2249374,5.5210991,2025-02-01,,eBird - Casual Observation,,0,,,1
S211458382,Short-toed Treecreeper,Certhia brachydactyla,27044,X,BE-WAL,Luxembourg,L39864812,Ronzon,50.2249374,5.5210991,2025-02-01,,eBird - Casual Observation,,0,,,1
S206725694,Eurasian Wren,Troglodytes troglodytes,27258,X,ES-AS,,L38892698,bufones de pria,43.4535637,-4.9700494,2024-12-27,,eBird - Casual Observation,,0,,,1
S231872445,European Starling,Sturnus vulgaris,27813,X,BE-WAL,Luxembourg,L43888346,Ronzon cour intérieure,50.2327843,5.509707,2025-05-02,,eBird - Casual Observation,,0,,,1
S325099171,Spotless Starling,Sturnus unicolor,27826,X,MA-13,,L63487564,balade vers oued,30.5681324,-8.4782286,2026-04-21,,eBird - Casual Observation,,0,,,1
S215010571,Mistle Thrush,Turdus viscivorus,28429,X,BE-WAL,Liège,L40536034,hautes fagnes,50.6384277,6.1332998,2025-02-23,,eBird - Casual Observation,,0,,,1
S216615582,Song Thrush,Turdus philomelos,28433,X,BE-BRU,,L40849274,abbaye cambre ULB,50.8184287,4.3760595,2025-03-04,,eBird - Casual Observation,,0,,,1
S211474359,Eurasian Blackbird,Turdus merula,28500,X,BE-WAL,Luxembourg,L39867998,Ronzon,50.2257195,5.5158086,2025-02-01,,eBird - Casual Observation,,0,,,1
S266503945,Spotted Flycatcher,Muscicapa striata,28818,X,FR-OCC,Aveyron,L51355907,matin camping zapa,44.6155357,2.5811396,2025-08-11,,eBird - Casual Observation,,0,,,1
S324276829,Rufous-tailed Scrub-Robin,Cercotrichas galactotes,28964,X,MA-13,,L63319117,sur le fil électrique Gilles proche du rossignol,31.0762138,-6.5793157,2026-04-19,,eBird - Casual Observation,,0,,,1
S206402822,European Robin,Erithacus rubecula,29253,X,ES-AS,,L38816940,camino san pedro,43.4241735,-4.757051,2024-12-24,,eBird - Casual Observation,,0,,,1
S207003252,European Robin,Erithacus rubecula,29253,X,ES-AS,,L38957743,llanes,43.4211464,-4.756216,2024-12-29,,eBird - Casual Observation,,0,,,1
S323576169,Common Nightingale,Luscinia megarhynchos,29393,X,MA-13,,L63164587,excursion source,31.2710438,-7.4166007,2026-04-18,,eBird - Casual Observation,,0,,,1
S323576480,Common Nightingale,Luscinia megarhynchos,29393,X,MA-13,,L63164681,excursion source,31.2710438,-7.4166007,2026-04-18,,eBird - Casual Observation,,0,,,1
S231873078,Common Redstart,Phoenicurus phoenicurus,29609,X,BE-WAL,Luxembourg,L39897650,Ronzon,50.2357216,5.5091076,2025-05-02,,eBird - Casual Observation,,0,,,1
S206401285,Black Redstart,Phoenicurus ochruros,29617,X,ES-AS,,L38816621,camino san pedro,43.4204568,-4.7500157,2024-12-24,,eBird - Casual Observation,,0,,,1
S327262125,Blue Rock-Thrush,Monticola solitarius,29652,X,ES-AN,Cádiz,L63910439,"entendu puis vu, un peu bleu",36.7572876,-5.3608051,2026-04-25,,eBird - Casual Observation,,0,,,1
S327769455,Whinchat,Saxicola rubetra,29666,X,ES-AN,Sevilla,L64015836,en voiture sourcil gilles,37.3236324,-5.1635642,2026-04-26,,eBird - Casual Observation,,0,,,1
S269124096,European Stonechat,Saxicola rubicola,29673,X,FR-HDF,Pas-de-Calais,L51944686,première coche jumelle ambleteuse H 7h30,50.8116684,1.6074077,2025-08-24,,eBird - Casual Observation,,0,,,1
S328445986,Northern Wheatear,Oenanthe oenanthe,29783,X,ES-AN,Sevilla,L64148307,sur le pont 189 égalisation !,37.1783502,-6.2549205,2026-04-27,,eBird - Casual Observation,,0,,,1
S327263865,Western Black-eared Wheatear,Oenanthe hispanica,29803,X,ES-AN,Cádiz,L63910855,furtif plumage nuptial bien marqué,36.7576137,-5.3599454,2026-04-25,,eBird - Casual Observation,,0,,,1
S324142057,Black Wheatear,Oenanthe leucura,29854,X,MA-13,,L63289231,oasis après mangé Hannah Pablo pilone,31.0757275,-6.5724158,2026-04-19,,eBird - Casual Observation,,0,,,1
S323918320,White-crowned Wheatear,Oenanthe leucopyga,29858,X,MA-13,,L63241672,hôtel ouarzazate,30.9283106,-6.9244535,2026-04-19,,eBird - Casual Observation,,0,,,1
S213788557,Dunnock,Prunella modularis,31515,X,BE-VLG,West-Vlaanderen,L40306563,Ostende,51.2350273,2.920012,2025-02-16,,eBird - Casual Observation,,0,,,1
S211460158,House Sparrow,Passer domesticus,31534,X,BE-WAL,Luxembourg,L39865239,Ronzon,50.2249374,5.5210991,2025-02-01,,eBird - Casual Observation,,0,,,1
S206726683,House Sparrow,Passer domesticus,31534,X,ES-AS,,L38892950,bufones de pria,43.4537888,-4.9796581,2024-12-27,,eBird - Casual Observation,,0,,,1
S206874280,Italian Sparrow,Passer italiae,31549,X,ES-AS,,L38927036,playa de toro,43.4161258,-4.7442721,2024-12-28,,eBird - Casual Observation,,0,,,1
S327545458,Spanish Sparrow,Passer hispaniolensis,31552,X,ES-AN,Sevilla,L63971320,"tête brune, grande bavette",37.3266246,-5.2094655,2026-04-26,,eBird - Casual Observation,,0,,,1
S272118514,Eurasian Tree Sparrow,Passer montanus,31603,X,BE-WAL,Hainaut,L52574438,"fin weekend avec H, entendu",50.4609503,3.6780311,2025-09-08,,eBird - Casual Observation,,0,,,1
S320523234,Gray Wagtail,Motacilla cinerea,31678,X,BE-WAL,Luxembourg,L62582042,long du ruisseau pic nique post thèse,49.7433281,5.32162,2026-04-12,,eBird - Casual Observation,,0,,,1
S265992948,Western Yellow Wagtail,Motacilla flava,31682,X,FR-PAC,Bouches-du-Rhône,L51236392,a côté des flamant,43.4189301,5.1754289,2025-08-09,,eBird - Casual Observation,,0,,,1
S206400235,White Wagtail,Motacilla alba,31720,X,ES-AS,,L38816330,"Llanes, ES",43.4230758,-4.754192,2024-12-24,,eBird - Casual Observation,,0,,,1
S206726243,White Wagtail,Motacilla alba,31720,X,ES-AS,,L38892849,bufones de pria,43.4533539,-4.9771686,2024-12-27,,eBird - Casual Observation,,0,,,1
S206866953,Meadow Pipit,Anthus pratensis,31853,X,ES-AS,,L38925623,chemin rio,43.4153404,-4.7558227,2024-12-28,,eBird - Casual Observation,,0,,,1
S206399838,Water Pipit,Anthus spinoletta,31871,X,ES-AS,,L38816330,"Llanes, ES",43.4230758,-4.754192,2024-12-24,,eBird - Casual Observation,,0,,,1
S211791478,Common Chaffinch,Fringilla coelebs,31948,X,BE-WAL,Luxembourg,L39897650,Ronzon,50.2357216,5.5091076,2025-02-03,,eBird - Casual Observation,,0,,,1
S211791563,Hawfinch,Coccothraustes coccothraustes,32091,X,BE-WAL,Luxembourg,L39897650,Ronzon,50.2357216,5.5091076,2025-02-03,,eBird - Casual Observation,,0,,,1
S211791465,Eurasian Bullfinch,Pyrrhula pyrrhula,32251,X,BE-WAL,Luxembourg,L39897650,Ronzon,50.2357216,5.5091076,2025-02-03,,eBird - Casual Observation,,0,,,1
S319989657,European Greenfinch,Chloris chloris,32336,X,BE-WAL,Luxembourg,L62466574,Lacuisine 1er matin,49.7136688,5.3201208,2026-04-11,,eBird - Casual Observation,,0,,,1
S267660258,Eurasian Linnet,Linaria cannabina,32472,X,FR-GES,Marne,L51611942,avec Vince,48.5693817,4.704206,2025-08-16,,eBird - Casual Observation,,0,,,1
S265341496,European Goldfinch,Carduelis carduelis,32552,X,SI-013,,L51086831,camping post membrain,45.7577782,14.4227839,2025-08-06,,eBird - Casual Observation,,0,,,1
S324155500,European Serin,Serinus serinus,32572,X,MA-13,,L63291931,oasis vu Hannah !,31.0756401,-6.5720833,2026-04-19,,eBird - Casual Observation,,0,,,1
S214786903,Eurasian Siskin,Spinus spinus,32594,X,DE-NW,Städteregion Aachen,L40488048,balade avant thermes Roetgen,50.6517601,6.189271,2025-02-22,,eBird - Casual Observation,,0,,,1
S327301474,Corn Bunting,Emberiza calandra,32702,X,ES-AN,Málaga,L63919408,"Cañete la Real, Andalucía, ES",36.9083903,-5.0063199,2026-04-25,,eBird - Casual Observation,,0,,,1
S324014492,Cirl Bunting,Emberiza cirlus,32731,X,MA-13,,L63263331,oasis,31.0815029,-6.5730634,2026-04-19,,eBird - Casual Observation,,0,,,1
S339979469,Yellowhammer,Emberiza citrinella,32733,X,BE-WAL,Liège,L66417097,Vincent reconnaît le son,50.4803238,5.1777511,2026-05-16,,eBird - Casual Observation,,0,,,1
S322324038,House Bunting,Emberiza sahari,32788,X,MA-11,,L62922666,Pablo et Gilles et pas Merlin,31.6248093,-7.9885898,2026-04-16,,eBird - Casual Observation,,0,,,1
S269131343,Reed Bunting,Emberiza schoeniclus,32806,X,FR-HDF,Pas-de-Calais,L51946028,bruit nickel H aussi 1 fois,50.8061218,1.6065965,2025-08-24,,eBird - Casual Observation,,0,,,1
